id;libelle;descritpion;date_ideale;date_alerte;date_delai
1;Chips;transmitting calculating neural;2020-04-04;2020-04-05;2020-04-05
2;driver override Consultant;compress Polarised monitoring;2020-04-04;2020-04-04;2020-04-05
3;interfaces;Intelligent;2020-04-04;2020-04-04;2020-04-04
4;project Sudanese Pound;Cambridgeshire local;2020-04-04;2020-04-05;2020-04-05
5;California interface;Avon Auto Loan Account parse;2020-04-04;2020-04-05;2020-04-04
6;strategic Passage deposit;Home Loan Account Square embrace;2020-04-04;2020-04-05;2020-04-05
7;Cambridgeshire;portals EXE Developer;2020-04-04;2020-04-05;2020-04-04
8;PNG Norwegian Krone action-items;bluetooth Small Steel Chips parse;2020-04-04;2020-04-04;2020-04-04
9;Incredible Legacy invoice;applications Chips;2020-04-05;2020-04-05;2020-04-05
10;Alley;Small Plastic Chicken;2020-04-05;2020-04-04;2020-04-04
